AREA,PERIMETER,MAJOR_AXIS,MINOR_AXIS,ECCENTRICITY,ROUNDNESS,COMPACTNESS,Class
422163,2378.908,837.8484,645.6693,0.6373,0.9374,0.875,0
338136,2085.144,723.8198,595.2073,0.569,0.9773,0.9065,0
526843,2647.394,940.7379,715.3638,0.6494,0.9446,0.8706,0
416063,2351.21,827.9804,645.2988,0.6266,0.9458,0.8791,0
347562,2160.354,763.9877,582.8359,0.6465,0.9358,0.8707,0
408953,2326.6931,840.1821,622.0076,0.6722,0.9493,0.8589,0
451414,2457.208,889.3253,652.4316,0.6796,0.9395,0.8525,0
382636,2275.7791,808.0833,609.2819,0.6569,0.9284,0.8638,0
546063,2714.948,916.3737,766.4536,0.5481,0.931,0.9099,0
420044,2391.123,836.928,645.1822,0.637,0.9232,0.8738,0
364495,2216.49,790.9014,590.7698,0.6649,0.9323,0.8613,0
404243,2345.5349,823.7634,628.8527,0.6459,0.9234,0.8709,0
407789,2308.4099,788.727,664.5451,0.5386,0.9617,0.9136,0
340451,2098.1631,724.4111,600.3284,0.5597,0.9718,0.9089,0
467092,2514.2429,895.3616,669.6182,0.6638,0.9285,0.8613,0
386374,2265.666,826.3535,597.2911,0.6911,0.9459,0.8488,0
413069,2350.4109,821.2114,645.8047,0.6177,0.9396,0.8831,0
396792,2291.0701,790.0845,644.6891,0.5781,0.9499,0.8996,0
358545,2199.5081,775.7432,593.731,0.6436,0.9313,0.871,0
397744,2337.2251,869.5142,583.949,0.7409,0.915,0.8184,0
398901,2299.335,812.7031,628.3113,0.6343,0.9481,0.8769,0
342155,2151.896,760.6585,575.3604,0.6541,0.9285,0.8677,0
408220,2317.6689,769.1027,681.1285,0.4644,0.955,0.9374,0
306560,2015.198,715.4261,547.121,0.6443,0.9486,0.8733,0
354590,2181.739,772.2312,587.454,0.6491,0.9361,0.8701,0
381508,2239.7891,734.2203,666.2502,0.4202,0.9557,0.9492,0
356022,2170.3101,756.3358,603.8934,0.6021,0.9498,0.8902,0
394859,2315.978,863.4825,583.743,0.7369,0.9251,0.8212,0
389859,2265.5581,804.163,619.6666,0.6374,0.9545,0.8761,0
342514,2154.021,764.3176,573.2928,0.6614,0.9277,0.864,0
414954,2325.3181,774.8641,684.9321,0.4676,0.9644,0.9381,0
314313,2040.285,728.9534,550.9473,0.6548,0.9488,0.8678,0
347694,2187.4561,791.2161,563.1738,0.7024,0.9131,0.8409,0
423905,2363.958,836.8923,646.8287,0.6345,0.9532,0.8778,0
445381,2407.5071,807.8385,705.3541,0.4875,0.9656,0.9322,0
409607,2351.354,835.5469,627.9048,0.6597,0.931,0.8643,0
419554,2354.084,832.2401,643.96,0.6335,0.9514,0.8782,0
426810,2389.9141,836.486,655.8799,0.6206,0.939,0.8813,0
443805,2390.481,797.2593,710.5616,0.4535,0.976,0.9429,0
402279,2295.863,798.9365,643.2753,0.5931,0.9591,0.8958,0
426661,2412.625,845.353,645.3922,0.6459,0.9211,0.8719,0
439197,2437.428,829.2604,677.1343,0.5773,0.929,0.9018,0
442845,2422.366,836.9063,677.0573,0.5878,0.9484,0.8972,0
424225,2391.501,838.0681,650.075,0.6311,0.9321,0.8769,0
416064,2359.616,818.8146,650.6287,0.6071,0.939,0.8889,0
453074,2464.8979,855.7032,681.0208,0.6055,0.9371,0.8876,0
409032,2313.9509,804.1159,650.1132,0.5885,0.96,0.8975,0
429203,2362.936,831.4949,658.4715,0.6106,0.966,0.8891,0
453763,2476.709,851.0314,684.578,0.5941,0.9296,0.8931,0
353766,2150.718,720.5316,629.297,0.487,0.9611,0.9315,0
288730,1997.627,740.3677,497.8095,0.7402,0.9092,0.8189,0
411542,2339.4231,814.2525,646.2658,0.6083,0.9449,0.889,0
383504,2288.917,784.1191,626.8956,0.6007,0.9199,0.8912,0
430176,2396.55,865.903,637.2376,0.6771,0.9412,0.8547,0
438436,2417.197,860.3224,652.1378,0.6522,0.943,0.8685,0
497802,2561.291,907.5524,701.4491,0.6345,0.9536,0.8772,0
454917,2485.562,869.7584,672.0792,0.6347,0.9253,0.875,0
392588,2274.2759,803.3082,625.8399,0.6269,0.9538,0.8801,0
384232,2263.4819,787.2324,624.8104,0.6083,0.9424,0.8885,0
294273,2004.96,735.2715,510.9962,0.719,0.9199,0.8325,0
445290,2435.3889,857.8929,663.8074,0.6335,0.9434,0.8777,0
375936,2255.8411,817.8654,589.0416,0.6937,0.9283,0.8459,0
439650,2447.7371,890.0155,635.1306,0.7005,0.9221,0.8406,0
433338,2423.301,836.3414,664.9469,0.6065,0.9273,0.8881,0
500669,2580.3069,913.3773,702.0745,0.6397,0.945,0.8741,0
230122,1804.354,649.0608,454.532,0.7139,0.8882,0.834,1
231946,1800.8101,678.9835,436.4881,0.766,0.8988,0.8004,1
218006,1754.282,671.6726,414.585,0.7868,0.8902,0.7844,1
272074,2031.781,778.5798,446.9384,0.8188,0.8282,0.756,1
222790,1766.324,651.6551,436.6493,0.7423,0.8974,0.8173,1
332286,2287.0071,875.3194,485.2886,0.8322,0.7983,0.7431,1
265701,1968.802,746.8929,454.7724,0.7933,0.8614,0.7787,1
213610,1742.515,644.6515,422.7329,0.755,0.8841,0.809,1
267823,1988.671,781.2097,441.0466,0.8254,0.851,0.7475,1
235942,1893.777,744.0038,404.7032,0.8391,0.8267,0.7367,1
261890,2027.2321,697.621,482.5237,0.7222,0.8008,0.8277,1
285100,2053.1699,791.5107,463.6347,0.8105,0.8499,0.7612,1
326556,2313.791,856.9423,487.3175,0.8226,0.7665,0.7525,1
225074,1813.77,695.2525,413.8533,0.8035,0.8597,0.77,1
217486,1759.136,628.9557,442.0542,0.7113,0.8832,0.8367,1
277321,2136.825,687.59,517.3867,0.6586,0.7632,0.8642,1
270195,2019.839,773.6254,446.5426,0.8166,0.8322,0.7582,1
218442,1739.191,643.4506,434.7849,0.7372,0.9075,0.8196,1
271398,1965.458,750.8526,461.674,0.7886,0.8829,0.7829,1
253276,1961.04,740.2677,437.3487,0.8068,0.8276,0.7671,1
215340,1741.5811,656.6985,418.8187,0.7702,0.8922,0.7974,1
248661,1888.577,679.4809,468.2696,0.7246,0.8761,0.8281,1
161461,1519.229,583.6688,352.6311,0.7969,0.8791,0.7768,1
270495,1909.204,680.4979,506.7375,0.6674,0.9325,0.8624,1
192966,1718.127,656.2819,433.3523,0.751,0.8214,0.7553,1
254070,1919.738,730.9252,445.2328,0.7931,0.8663,0.7781,1
206921,1741.754,675.7445,392.1072,0.8144,0.8571,0.7596,1
180508,1600.713,607.4841,379.2685,0.7812,0.8853,0.7892,1
296944,2109.8491,796.0836,475.9379,0.8016,0.8383,0.7724,1
163130,1535.853,603.0044,345.0351,0.8201,0.869,0.7558,1
232841,1773.947,622.0897,477.5462,0.6409,0.9298,0.8752,1
247112,1885.546,694.2448,455.8577,0.7542,0.8734,0.808,1
246014,1883.0909,703.1213,448.6442,0.77,0.8718,0.796,1
245029,1868.936,686.7975,455.5268,0.7484,0.8815,0.8133,1
210311,1798.92,671.3657,443.1094,0.7513,0.8167,0.7708,1
154570,1469.786,535.559,368.1646,0.7262,0.8991,0.8283,1
260999,1924.509,670.0057,499.8724,0.6659,0.8855,0.8604,1
212744,1720.303,628.2148,432.3847,0.7254,0.9034,0.8285,1
261085,1933.101,729.5468,458.4311,0.7779,0.878,0.7903,1
219065,1769.278,677.1313,414.3256,0.7909,0.8794,0.78,1
179780,1605.504,588.5084,390.5041,0.7481,0.8765,0.813,1
169573,1548.983,594.8965,364.4516,0.7904,0.8881,0.7811,1
236515,1795.649,604.2608,502.4642,0.5555,0.9218,0.9082,1
248928,1888.111,719.0459,443.0684,0.7876,0.8775,0.783,1
233279,1812.4,649.0758,459.3955,0.7064,0.8924,0.8396,1
226401,1787.076,679.6693,425.3827,0.7799,0.8908,0.7899,1
246558,1865.2419,664.2224,475.3474,0.6985,0.8906,0.8435,1
318444,2127.3269,805.9418,504.5724,0.7798,0.8842,0.7901,1
248660,1877.7,696.1558,456.765,0.7547,0.8863,0.8083,1
300532,2084.9929,782.9263,492.0452,0.7778,0.8687,0.7901,1
239253,1839.9301,670.9352,455.55,0.7342,0.8881,0.8226,1
190722,1769.671,664.2511,418.4305,0.7767,0.7653,0.7419,1
197484,1709.35,648.6502,391.0428,0.7978,0.8493,0.7731,1
242874,1843.916,647.9982,479.8817,0.672,0.8977,0.8582,1
338670,2195.106,792.2873,546.0946,0.7245,0.8832,0.8288,1
205893,1693.483,615.3438,428.3036,0.718,0.9022,0.8321,1
246430,1910.897,732.1472,431.656,0.8077,0.8481,0.7651,1
189127,1660.097,621.9744,389.451,0.7797,0.8624,0.789,1
254321,1869.425,665.5273,489.1867,0.678,0.9145,0.855,1
320905,2131.252,787.4969,520.4378,0.7505,0.8878,0.8117,1
237021,1826.079,661.274,457.4288,0.7221,0.8932,0.8307,1
320180,2153.5339,781.1882,525.6301,0.7398,0.8676,0.8173,1
237074,1827.438,676.1337,447.9627,0.749,0.8921,0.8126,1
212851,1826.406,675.8557,453.7003,0.7412,0.8018,0.7703,1
253677,1859.243,666.5269,486.7168,0.6832,0.9222,0.8527,1
211558,1743.938,657.1328,413.1603,0.7776,0.8741,0.7898,1
351733,2261.1001,840.3734,544.2642,0.7619,0.8645,0.7963,1
226442,1776.88,624.4857,463.8141,0.6696,0.9013,0.8598,1
274959,1959.943,718.3584,489.0562,0.7325,0.8995,0.8237,1
198410,1695.782,636.7207,398.5815,0.7798,0.867,0.7894,1
215507,1800.814,707.0419,389.2315,0.8348,0.8351,0.7409,1
209998,1728.412,619.6617,433.4965,0.7146,0.8833,0.8345,1
267943,1993.986,760.1838,451.6438,0.8044,0.8469,0.7683,1
252950,1909.678,738.9279,438.0078,0.8054,0.8716,0.768,1
220042,1758.4399,653.5543,430.2653,0.7527,0.8943,0.8099,1
202546,1698.973,605.3612,428.199,0.7069,0.8818,0.8389,1
189983,1672.8831,641.0609,378.4418,0.8072,0.8531,0.7672,1
187606,1630.703,599.4528,399.2988,0.7459,0.8866,0.8153,1
214952,1758.241,655.6318,419.8517,0.7681,0.8738,0.7979,1
203607,1703.28,614.098,423.8694,0.7236,0.8819,0.8291,1
220056,1726.933,618.8439,455.1255,0.6776,0.9272,0.8553,1
243520,1906.798,719.8704,431.61,0.8003,0.8417,0.7735,1
176050,1573.8521,590.4749,380.9525,0.764,0.8931,0.8018,1
161602,1700.896,671.8093,404.6781,0.7982,0.7019,0.6752,1
196414,1653.057,605.6224,414.072,0.7298,0.9032,0.8257,1
222950,1752.439,602.6717,474.1278,0.6173,0.9123,0.8841,1
250947,1905.2841,732.446,439.0812,0.8004,0.8687,0.7717,1
239427,1875.272,708.0372,431.308,0.793,0.8556,0.7798,1
190954,1628.9189,610.1746,399.0778,0.7565,0.9044,0.8081,1
216487,1746.856,659.9696,420.1559,0.7712,0.8915,0.7955,1
280320,2029.684,751.5424,476.7822,0.773,0.8551,0.7949,1
191163,1695.764,641.0919,380.346,0.805,0.8354,0.7695,1
197424,1691.033,623.2335,405.1581,0.7599,0.8676,0.8045,1
192454,1657.265,622.9678,394.7744,0.7736,0.8805,0.7946,1
212900,1740.348,651.9711,417.6589,0.7679,0.8833,0.7986,1
177803,1573.6281,605.3248,375.6269,0.7842,0.9023,0.786,1
226586,1773.175,662.9202,436.9543,0.752,0.9056,0.8102,1
209100,1708.429,642.4437,416.5172,0.7614,0.9003,0.8032,1
138167,1370.208,498.7525,353.9258,0.7046,0.9248,0.841,2
138362,1411.187,525.3536,336.471,0.768,0.8731,0.7989,2
160562,1514.448,570.1646,359.911,0.7756,0.8797,0.793,2
208042,1725.811,649.4158,411.8994,0.7731,0.8778,0.7925,2
143391,1416.606,544.4253,335.9414,0.7869,0.8979,0.7848,2
209723,1749.959,686.3148,390.2822,0.8226,0.8606,0.7529,2
156476,1502.326,565.1384,353.8776,0.7797,0.8712,0.7898,2
126137,1356.411,507.2314,318.8602,0.7777,0.8615,0.7901,2
143297,1440.493,559.0104,328.0878,0.8097,0.8678,0.7641,2
147389,1481.552,570.8041,332.1487,0.8133,0.8438,0.7589,2
134784,1396.613,512.9982,337.8875,0.7524,0.8684,0.8075,2
145210,1424.349,535.0179,346.342,0.7622,0.8994,0.8037,2
146059,1428.892,518.9333,359.8793,0.7205,0.899,0.831,2
166950,1568.7729,578.2525,372.5923,0.7647,0.8525,0.7973,2
150891,1453.5959,532.0154,363.603,0.73,0.8974,0.8239,2
106793,1217.454,434.7454,313.3625,0.6931,0.9054,0.8482,2
190634,1662.217,625.8346,390.4694,0.7815,0.867,0.7872,2
144637,1422.494,523.191,352.5846,0.7388,0.8982,0.8202,2
129886,1365.856,519.2155,318.9104,0.7891,0.8749,0.7832,2
126292,1319.9,488.1225,330.096,0.7367,0.911,0.8215,2
136138,1404.201,530.9112,329.2051,0.7845,0.8676,0.7842,2
151713,1481.229,582.5072,331.9456,0.8217,0.8689,0.7545,2
99342,1151.923,404.4212,313.0898,0.633,0.9408,0.8794,2
73663,999.363,362.0138,259.5558,0.6971,0.9269,0.846,2
143668,1446.12,553.8131,332.1207,0.8002,0.8633,0.7723,2
63328,933.937,342.7969,235.6772,0.7262,0.9124,0.8284,2
113667,1251.496,462.6203,313.1204,0.7361,0.912,0.8223,2
148679,1477.3669,565.0262,337.5208,0.802,0.856,0.77,2
153353,1501.488,585.9454,335.2349,0.8202,0.8548,0.7541,2
123912,1294.531,470.6189,335.611,0.701,0.9292,0.844,2
149845,1467.722,573.7374,333.2054,0.8141,0.8741,0.7613,2
144975,1426.858,535.9053,345.1051,0.7651,0.8948,0.8017,2
136538,1383.509,503.1316,347.8224,0.7226,0.8964,0.8287,2
162525,1520.96,569.8452,363.798,0.7697,0.8829,0.7983,2
129998,1385.066,511.4419,324.9084,0.7723,0.8515,0.7955,2
151554,1454.797,541.0281,357.0083,0.7514,0.8999,0.8119,2
168314,1634.188,611.652,396.3839,0.7616,0.792,0.7569,2
168126,1581.353,611.1715,369.9803,0.7959,0.8449,0.757,2
169280,1586.569,589.5577,367.1072,0.7825,0.8451,0.7875,2
145165,1466.083,557.8549,332.8617,0.8025,0.8487,0.7707,2
148181,1486.942,548.4078,345.0912,0.7772,0.8422,0.792,2
178137,1613.375,611.778,371.4034,0.7946,0.86,0.7785,2
65590,1039.924,372.3486,279.8673,0.6596,0.7622,0.7761,2
136159,1393.309,518.6189,335.3107,0.7629,0.8814,0.8028,2
207698,1792.785,677.1498,416.9406,0.788,0.8121,0.7594,2
138061,1397.4399,533.3875,330.7272,0.7846,0.8884,0.786,2
172108,1570.163,586.244,376.8531,0.766,0.8772,0.7985,2
137932,1404.546,524.6572,335.7947,0.7684,0.8786,0.7988,2
207029,1765.353,704.8253,375.3293,0.8464,0.8348,0.7284,2
151596,1499.804,576.5701,335.9818,0.8127,0.8469,0.762,2
127056,1364.663,500.5718,325.939,0.759,0.8573,0.8035,2
138262,1403.356,542.065,326.1642,0.7987,0.8822,0.774,2
138766,1392.42,520.9381,340.4706,0.7569,0.8994,0.8069,2
153752,1497.799,560.4558,353.3676,0.7762,0.8612,0.7894,2
158096,1524.178,572.8527,353.2698,0.7872,0.8552,0.7832,2
143261,1423.744,529.3361,348.0392,0.7535,0.8881,0.8068,2
146827,1447.351,558.1056,335.986,0.7985,0.8808,0.7747,2
158924,1497.396,549.2912,370.9325,0.7375,0.8907,0.8189,2
102215,1196.941,428.5742,304.2583,0.7043,0.8966,0.8418,2
187667,1650.6479,612.0896,393.5074,0.766,0.8655,0.7986,2
143352,1427.5811,515.6693,354.6234,0.726,0.8839,0.8285,2
242106,1897.218,733.3027,424.0022,0.8159,0.8452,0.7571,2
138769,1404.488,516.3408,344.0673,0.7456,0.884,0.8141,2
140276,1396.4659,515.7888,346.9041,0.74,0.9039,0.8194,2
84406,1084.765,394.5068,273.1771,0.7215,0.9014,0.831,2
123321,1332.6071,506.1284,311.3531,0.7884,0.8727,0.7829,2
158028,1524.984,583.8958,345.9882,0.8055,0.8539,0.7682,2
152858,1488.0179,568.9197,342.9484,0.7979,0.8675,0.7754,2
80044,1059.046,378.1419,270.6614,0.6983,0.8968,0.8442,2
143446,1435.196,546.4086,335.3802,0.7895,0.8751,0.7821,2
143356,1426.459,550.8297,331.6248,0.7985,0.8853,0.7756,2
134664,1385.511,514.5657,334.5349,0.7598,0.8815,0.8047,2
153700,1453.689,524.5832,373.9211,0.7014,0.914,0.8433,2
165987,1559.245,596.3097,355.5895,0.8027,0.8579,0.7709,2
142413,1438.217,527.6629,346.8893,0.7535,0.8652,0.807,2
105070,1210.703,458.1432,293.0307,0.7687,0.9008,0.7983,2
149806,1435.4399,526.9439,362.1404,0.7264,0.9136,0.8288,2
116078,1265.715,452.304,327.0038,0.6909,0.9105,0.85,2
131409,1370.5649,500.5441,334.8896,0.7432,0.8791,0.8172,2
136187,1410.527,536.2725,323.7206,0.7972,0.8602,0.7765,2
163097,1527.1021,569.0895,366.1877,0.7655,0.8789,0.8008,2
219822,1819.8311,719.0757,392.0395,0.8383,0.8341,0.7357,2
164567,1487.1,534.5702,393.8198,0.6762,0.9351,0.8563,2
137347,1413.416,538.478,328.7764,0.792,0.864,0.7766,2
86213,1096.823,384.0147,286.8239,0.6649,0.9006,0.8628,2
131633,1361.001,523.6849,320.7245,0.7905,0.893,0.7817,2
162413,1540.894,588.4892,352.1533,0.8012,0.8596,0.7727,2
152861,1474.135,548.472,356.6191,0.7598,0.884,0.8044,2
79063,1031.912,368.2993,273.6987,0.6691,0.933,0.8615,2
156886,1507.4919,592.6061,338.0879,0.8213,0.8675,0.7542,2
142575,1429.6121,551.2555,331.1201,0.7995,0.8766,0.7729,2
142214,1424.568,526.2787,345.5464,0.7543,0.8806,0.8086,2
155568,1460.313,532.6481,372.7497,0.7143,0.9167,0.8356,2
163093,1531.929,581.2218,358.1298,0.7876,0.8733,0.784,2
146923,1447.576,534.4625,351.8184,0.7528,0.8811,0.8092,2
103302,1190.031,440.8981,299.0482,0.7348,0.9166,0.8226,2
146017,1420.212,530.3442,350.9143,0.7498,0.9097,0.813,2
137515,1405.913,499.2482,351.661,0.7098,0.8743,0.8381,2
114987,1249.179,455.7418,321.8139,0.7081,0.926,0.8396,2
134094,1444.811,541.8755,358.6036,0.7497,0.8072,0.7625,2
166665,1540.965,583.5817,364.5487,0.7809,0.882,0.7894,2
112034,1249.8781,460.5971,310.5606,0.7385,0.9012,0.82,2
156087,1497.073,560.2502,356.9697,0.7707,0.8752,0.7957,2
102162,1191.2061,429.3986,303.5874,0.7072,0.9047,0.8399,2
151963,1477.179,551.4623,352.008,0.7698,0.8751,0.7976,2
148267,1455.217,564.1047,334.9029,0.8047,0.8798,0.7702,2
169030,1550.98,570.1261,377.9843,0.7486,0.883,0.8137,2
102142,1223.502,441.7251,296.504,0.7412,0.8574,0.8164,2
167497,1580.825,606.2756,353.0795,0.8129,0.8423,0.7617,2
182795,1646.9449,629.4767,374.9311,0.8033,0.8469,0.7664,2
165248,1592.061,612.0599,344.4518,0.8266,0.8193,0.7494,2
131994,1386.02,525.6892,320.6077,0.7925,0.8634,0.7798,2
145774,1451.353,550.7023,337.9216,0.7896,0.8696,0.7823,2
142744,1442.903,557.3111,326.9862,0.8098,0.8616,0.765,2
125081,1317.364,484.117,329.4612,0.7327,0.9057,0.8243,2
194301,1671.417,615.8516,403.3667,0.7557,0.874,0.8076,2
155595,1507.019,567.617,349.976,0.7873,0.8609,0.7841,2
162925,1511.9821,564.2595,368.63,0.7571,0.8956,0.8072,2
100471,1186.373,437.8452,292.6243,0.7439,0.897,0.8169,2
112914,1257.132,471.8904,305.1801,0.7627,0.8978,0.8035,2
98903,1172.512,430.8867,292.512,0.7343,0.904,0.8236,2
167858,1528.949,581.9219,368.1325,0.7745,0.9023,0.7944,2
147204,1447.647,546.0123,343.9355,0.7767,0.8827,0.7929,2
110930,1244.495,440.5929,321.4334,0.6839,0.9001,0.853,2
155520,1496.624,567.7551,349.5084,0.7881,0.8725,0.7838,2
149646,1468.194,570.3056,335.8156,0.8083,0.8724,0.7654,2
154497,1491.624,579.3937,340.1177,0.8096,0.8726,0.7655,2
162849,1592.699,624.2347,333.1545,0.8457,0.8067,0.7295,2
192953,1681.762,665.5488,372.4787,0.8287,0.8573,0.7447,2
132721,1397.782,522.2059,324.7898,0.7831,0.8536,0.7872,2
144815,1432.645,530.4765,348.3135,0.7542,0.8866,0.8095,2
142955,1454.557,558.9067,326.4683,0.8117,0.8491,0.7633,2
125374,1320.2679,492.9375,324.2897,0.7531,0.9038,0.8105,2
160709,1508.494,561.2164,366.1832,0.7578,0.8875,0.806,2
204508,1704.656,612.2499,429.9135,0.712,0.8844,0.8335,2
162728,1511.626,568.4935,365.8966,0.7653,0.8949,0.8007,2
102533,1198.348,427.9125,306.0871,0.6988,0.8972,0.8444,2
135777,1436.8719,554.0663,317.0632,0.8201,0.8264,0.7504,2
152960,1476.855,548.2127,358.0435,0.7573,0.8813,0.805,2
159858,1503.392,560.9233,364.1994,0.7605,0.8888,0.8043,2
186236,1628.151,615.6091,385.9771,0.779,0.8828,0.791,2
158157,1510.033,591.0096,340.9958,0.8168,0.8716,0.7593,2
145733,1461.642,570.0002,326.5131,0.8197,0.8572,0.7557,2
151209,1482.381,544.0471,356.7963,0.7549,0.8647,0.8065,2
95906,1125.9041,400.1798,305.4454,0.6461,0.9507,0.8732,2
170267,1617.582,614.0543,354.0693,0.817,0.8177,0.7583,2
166212,1553.136,571.5416,373.4686,0.757,0.8659,0.8049,2
143168,1438.64,522.2192,350.9828,0.7405,0.8693,0.8176,2
199707,1711.678,663.8049,384.2429,0.8154,0.8566,0.7596,2
162404,1544.915,608.9265,340.2279,0.8293,0.8551,0.7468,2
174168,1574.934,587.6588,378.6228,0.7648,0.8824,0.8013,2
143409,1442.124,532.1603,345.7256,0.7602,0.8665,0.803,2
96664,1145.434,419.3492,293.6552,0.7139,0.9258,0.8366,2
151173,1433.1801,493.1908,390.8281,0.6099,0.9249,0.8896,2
150399,1482.847,570.9537,336.8778,0.8074,0.8595,0.7664,2
163973,1515.802,542.8138,386.6868,0.7018,0.8968,0.8418,2
107981,1239.067,447.3554,308.2379,0.7247,0.8838,0.8289,2
180788,1605.7841,604.344,381.6076,0.7754,0.8811,0.7939,2
137914,1475.6281,570.014,311.584,0.8374,0.7959,0.7351,2
148517,1463.246,549.3091,346.6294,0.7758,0.8717,0.7916,2
179732,1645.203,647.8385,354.4339,0.8371,0.8344,0.7384,2
169147,1569.068,587.965,367.5672,0.7805,0.8634,0.7893,2
153048,1523.577,607.1192,321.9273,0.8478,0.8285,0.7271,2
154245,1503.598,546.4366,361.8018,0.7494,0.8573,0.811,2
144207,1455.647,561.3004,328.1891,0.8113,0.8552,0.7634,2
172379,1647.4351,621.3907,354.2521,0.8216,0.7981,0.7539,2
112819,1255.413,476.7512,301.7341,0.7742,0.8995,0.795,2
201551,1724.1591,673.0964,382.4955,0.8228,0.852,0.7526,2
143957,1452.262,523.1368,352.3305,0.7392,0.8577,0.8184,2
156030,1566.979,595.6793,384.2388,0.7641,0.7985,0.7482,2
175894,1587.17,591.8867,379.7294,0.7671,0.8774,0.7995,2
167208,1579.176,604.1566,353.461,0.811,0.8426,0.7637,2
101772,1190.234,437.8928,296.5733,0.7357,0.9028,0.8221,2
145435,1468.962,529.6494,351.6841,0.7477,0.8469,0.8125,2
146017,1440.998,536.7607,346.9765,0.763,0.8837,0.8033,2
163469,1513.738,536.2514,391.1683,0.684,0.8965,0.8508,2
159802,1530.787,564.7152,362.0923,0.7674,0.857,0.7988,2
109175,1236.871,438.3364,317.6122,0.6892,0.8968,0.8506,2
175680,1575.722,595.6695,376.3405,0.7751,0.8891,0.794,2
132384,1351.8929,480.408,352.3761,0.6797,0.9103,0.8546,2
132872,1375.502,525.5175,322.7784,0.7891,0.8825,0.7827,2
100547,1172.319,418.8293,306.666,0.6811,0.9194,0.8543,2
121786,1302.6949,484.1827,321.4019,0.7479,0.9018,0.8133,2
155766,1501.9449,568.3051,351.1553,0.7863,0.8677,0.7836,2
77054,1010.373,358.0397,274.449,0.6422,0.9485,0.8748,2
139996,1425.17,537.9441,333.2377,0.785,0.8661,0.7848,2
156391,1521.604,569.9616,352.0856,0.7864,0.8488,0.7829,2
146521,1461.604,551.5557,340.1752,0.7872,0.8619,0.7831,2
117648,1276.293,471.5745,318.4257,0.7376,0.9076,0.8207,2
60039,911.828,336.7227,228.1414,0.7355,0.9074,0.8211,2
129066,1361.24,477.3502,345.5285,0.69,0.8753,0.8492,2
154464,1463.5551,544.9724,361.5594,0.7482,0.9062,0.8138,2
137472,1386.525,511.1523,343.4671,0.7406,0.8986,0.8185,2
142394,1410.396,510.8343,357.1331,0.715,0.8995,0.8335,2
129848,1379.568,509.356,325.7892,0.7687,0.8574,0.7983,2
154111,1503.441,574.9857,341.8783,0.804,0.8568,0.7704,2
150802,1466.821,553.0468,347.8298,0.7775,0.8808,0.7923,2
174388,1591.974,603.1065,370.933,0.7885,0.8647,0.7813,2
169788,1561.29,587.5886,369.6528,0.7773,0.8753,0.7913,2
150870,1445.879,537.6102,358.1697,0.7458,0.9069,0.8152,2
191640,1645.98,612.0375,401.4839,0.7548,0.8889,0.8071,2
146398,1445.1949,542.8766,344.2591,0.7732,0.8808,0.7953,2
79187,1047.858,375.3784,269.2061,0.6969,0.9063,0.8459,2
161855,1551.741,606.4048,341.1171,0.8268,0.8447,0.7486,2
491606,2525.6931,836.6254,750.6882,0.4415,0.9684,0.9457,3
399815,2296.231,776.2232,658.5235,0.5294,0.9529,0.9192,3
440427,2391.845,843.0915,665.4988,0.6139,0.9674,0.8882,3
429538,2421.332,871.1118,631.9023,0.6883,0.9207,0.8489,3
346264,2140.3511,744.2978,594.7831,0.6012,0.9498,0.8921,3
493734,2577.707,919.6757,685.0148,0.6672,0.9338,0.8621,3
375285,2207.188,713.9926,670.2208,0.3448,0.968,0.9681,3
419416,2340.7871,788.3764,678.8032,0.5086,0.9619,0.9269,3
414712,2341.458,808.0315,654.973,0.5856,0.9506,0.8993,3
411273,2358.1951,816.6152,645.5682,0.6124,0.9294,0.8861,3
406496,2334.2209,789.4069,657.9015,0.5527,0.9375,0.9113,3
349532,2150.8059,713.5856,628.6521,0.4732,0.9495,0.9349,3
478829,2532.502,908.7795,672.8215,0.6722,0.9382,0.8592,3
430333,2436.938,857.5512,644.8464,0.6592,0.9106,0.8632,3
348500,2259.1169,759.3678,587.2372,0.634,0.8581,0.8772,3
423897,2372.627,821.549,658.8868,0.5973,0.9463,0.8942,3
457240,2482.696,829.8366,706.9037,0.5238,0.9322,0.9195,3
391921,2245.811,734.2869,680.3229,0.3763,0.9765,0.962,3
451338,2437.7871,805.1387,718.372,0.4516,0.9544,0.9415,3
412275,2337.198,804.4697,654.7202,0.5811,0.9484,0.9006,3
422143,2350.7781,838.3208,641.9384,0.6431,0.9599,0.8745,3
394009,2279.7581,770.8477,654.0494,0.5292,0.9527,0.9188,3
438787,2463.532,844.3537,663.4427,0.6186,0.9085,0.8852,3
448744,2443.4241,870.9563,658.7799,0.6541,0.9445,0.8679,3
447450,2453.7939,846.2984,678.1676,0.5982,0.9339,0.8919,3
411322,2337.2439,813.8591,643.9749,0.6115,0.9462,0.8892,3
436325,2413.9519,818.495,683.0888,0.5509,0.9409,0.9106,3
411293,2337.731,826.503,635.2358,0.6398,0.9457,0.8756,3
445077,2421.2759,806.3325,708.2914,0.4779,0.954,0.9336,3
411708,2318.344,805.4811,652.9468,0.5856,0.9626,0.8989,3
384507,2233.978,755.8359,649.9842,0.5104,0.9682,0.9257,3
446609,2496.418,851.7825,671.7365,0.6149,0.9005,0.8853,3
469185,2486.4851,888.2744,674.7036,0.6504,0.9536,0.8701,3
447729,2454.4851,825.5548,695.3279,0.5391,0.9339,0.9146,3
408254,2345.2939,803.289,647.9013,0.5912,0.9327,0.8975,3
439268,2470.478,824.1238,683.5867,0.5586,0.9044,0.9075,3
472349,2494.425,865.7357,696.8496,0.5934,0.954,0.8958,3
446318,2426.532,849.0756,672.7661,0.6101,0.9525,0.8878,3
454346,2487.5029,908.6619,639.1868,0.7108,0.9227,0.837,3
449166,2454.5291,901.2678,637.0666,0.7074,0.9369,0.8391,3
449218,2453.3081,846.1549,680.5297,0.5943,0.9379,0.8938,3
478413,2551.095,953.5176,640.8135,0.7405,0.9238,0.8185,3
420085,2375.873,830.7269,646.0511,0.6286,0.9352,0.8804,3
443501,2441.2361,882.5625,641.8201,0.6864,0.9352,0.8514,3
484869,2541.9839,872.7412,714.8731,0.5736,0.943,0.9003,3
457583,2452.2009,840.6153,695.8944,0.561,0.9562,0.908,3
443176,2396.9109,812.2444,696.6966,0.5141,0.9694,0.9248,3
481197,2549.073,878.5006,699.7644,0.6046,0.9306,0.891,3
442441,2480.033,872.0508,653.3934,0.6623,0.904,0.8607,3
454113,2503.1279,858.8807,680.7171,0.6098,0.9108,0.8853,3
503974,2596.7581,932.0193,690.7506,0.6714,0.9392,0.8595,3
425053,2407.5581,845.6929,644.9402,0.6468,0.9215,0.8699,3
447583,2447.01,866.6195,658.6447,0.6499,0.9393,0.8711,3
514745,2630.8369,899.1757,735.891,0.5746,0.9346,0.9003,3
430605,2414.2571,820.7172,676.4396,0.5663,0.9284,0.9022,3
385329,2262.3159,782.571,632.79,0.5884,0.9461,0.895,3
398543,2366.3721,873.9631,592.5698,0.735,0.8944,0.8151,3
464259,2486.0669,873.2936,680.3309,0.627,0.9439,0.8804,3
365520,2265.8479,829.2069,567.5129,0.7291,0.8947,0.8227,3
481062,2549.1389,847.0374,724.6221,0.5178,0.9303,0.924,3
412498,2397.5879,903.157,587.2843,0.7597,0.9017,0.8024,3
421470,2374.4221,824.2023,652.1113,0.6116,0.9394,0.8888,3
404150,2332.8379,832.4753,623.8899,0.6621,0.9332,0.8617,3
476205,2534.3921,879.4092,695.4839,0.612,0.9317,0.8854,3
407629,2301.946,776.3053,672.4045,0.4998,0.9667,0.928,3
451992,2445.5029,844.5334,687.8657,0.5802,0.9497,0.8983,3
386536,2280.7981,768.471,644.8983,0.5438,0.9337,0.9129,3
435528,2430.1211,789.1514,707.8071,0.4422,0.9268,0.9436,3
441826,2486.4771,942.0581,603.129,0.7682,0.898,0.7962,3
441779,2426.1641,831.9905,678.0819,0.5794,0.9431,0.9014,3
462347,2516.8679,845.5637,697.9985,0.5644,0.9172,0.9074,3
476569,2536.7649,886.8546,689.8232,0.6285,0.9306,0.8783,3
368069,2297.5349,836.8202,572.043,0.7299,0.8762,0.8181,4
349184,2214.7261,792.7963,600.6845,0.6526,0.8946,0.841,4
368900,2398.188,855.3609,560.061,0.7558,0.806,0.8012,4
355024,2242.1531,795.743,573.1878,0.6936,0.8874,0.8449,4
350266,2210.168,751.1333,602.6666,0.5969,0.9011,0.8891,4
398202,2425.731,872.2453,597.3273,0.7287,0.8504,0.8163,4
418931,2416.0901,881.6053,607.8824,0.7243,0.9018,0.8284,4
443133,2517.0769,874.5991,653.3885,0.6647,0.8789,0.8588,4
423624,2498.9399,876.5175,627.7153,0.6979,0.8525,0.8379,4
458286,2531.311,883.0855,664.6406,0.6584,0.8988,0.865,4
370044,2360.1101,782.888,614.0868,0.6203,0.8348,0.8768,4
434469,2485.9231,889.1929,623.58,0.7129,0.8835,0.8364,4
371120,2364.0029,796.3392,601.9151,0.6547,0.8345,0.8632,4
348865,2253.7971,790.249,567.2316,0.6963,0.8631,0.8434,4
428711,2570.7129,815.3513,679.2316,0.5532,0.8152,0.9061,4
426871,2497.0759,886.3205,618.4668,0.7163,0.8603,0.8318,4
379870,2419.293,828.3665,595.388,0.6953,0.8156,0.8396,4
424512,2477.283,853.4615,642.9758,0.6576,0.8693,0.8614,4
386254,2373.4509,810.4177,614.5104,0.6519,0.8616,0.8653,4
380218,2409.468,819.8986,607.0649,0.6722,0.823,0.8486,4
318076,2122.4241,744.774,547.181,0.6784,0.8873,0.8545,4
376202,2367.498,825.6102,585.3541,0.7052,0.8434,0.8383,4
384740,2328.2771,761.6957,647.8665,0.5259,0.8919,0.9189,4
439841,2570.469,943.8856,599.791,0.7721,0.8365,0.7928,4
360009,2364.8181,837.6556,555.9177,0.748,0.809,0.8083,4
294328,2113.1379,707.908,578.8624,0.5756,0.8283,0.8648,4
282314,2022.266,717.5192,504.457,0.7111,0.8675,0.8356,4
355208,2384.4971,797.2854,578.7468,0.6878,0.7851,0.8435,4
402655,2460.917,893.8253,578.3685,0.7624,0.8355,0.8011,4
380874,2389.124,854.1578,570.7399,0.744,0.8385,0.8153,4
280204,2147.4031,782.5893,461.9426,0.8072,0.7636,0.7632,4
442937,2627.9509,862.5596,659.603,0.6444,0.806,0.8706,4
415763,2426.729,843.814,633.7881,0.6602,0.8872,0.8622,4
420744,2434.3379,865.7617,620.3712,0.6975,0.8922,0.8454,4
321282,2090.699,681.3436,604.7192,0.4607,0.9237,0.9387,4
453626,2537.668,937.6924,622.2681,0.7481,0.8852,0.8105,4
365294,2242.248,755.7875,618.311,0.5751,0.913,0.9024,4
419063,2463.595,857.5016,628.4494,0.6804,0.8677,0.8518,4
293332,2079.7439,706.2109,545.302,0.6354,0.8522,0.8654,4
379699,2315.4099,826.4971,588.5672,0.7021,0.89,0.8413,4
404623,2452.6919,830.7855,626.1453,0.6572,0.8452,0.864,4
310342,2140.4629,713.5881,578.9772,0.5845,0.8512,0.8809,4
403834,2447.0029,893.8555,585.3982,0.7557,0.8475,0.8022,4
401353,2489.5581,884.2215,593.9569,0.7408,0.8138,0.8085,4
360876,2298.8279,808.2624,573.2375,0.705,0.8581,0.8387,4
394103,2499.8979,820.2778,617.9729,0.6576,0.7925,0.8636,4
379405,2400.584,823.7263,595.5487,0.6909,0.8273,0.8438,4
375310,2402.406,802.1452,604.5172,0.6573,0.8172,0.8618,4
339989,2231.875,785.7068,559.6172,0.7019,0.8577,0.8374,4
385428,2473.9919,859.162,580.8442,0.7368,0.7913,0.8154,4
354782,2409.512,795.9382,578.1101,0.6874,0.7679,0.8444,4
394814,2429.5791,867.8884,588.9705,0.7345,0.8405,0.8169,4
414065,2406.9331,802.006,662.986,0.5627,0.8982,0.9053,4
373187,2441.991,852.2258,570.3242,0.7431,0.7864,0.8088,4
423852,2424.627,826.4653,654.4321,0.6107,0.906,0.8889,4
419805,2507.5659,862.3845,623.2335,0.6912,0.839,0.8478,4
378359,2342.5061,849.3478,569.2149,0.7422,0.8665,0.8172,4
346463,2190.554,786.7602,561.9791,0.6998,0.9073,0.8442,4
382056,2398.884,836.171,590.8513,0.7076,0.8343,0.8341,4
360205,2229.2061,774.3602,594.9182,0.6401,0.9109,0.8746,4
360221,2301.4319,799.5422,581.7543,0.686,0.8546,0.847,4
392670,2426.929,839.151,608.4485,0.6887,0.8378,0.8426,4
315427,2116.438,756.3036,543.8585,0.6949,0.8849,0.8379,4
334154,2186.3491,785.2363,545.4142,0.7194,0.8785,0.8307,4
388051,2365.0149,849.6564,591.2424,0.7182,0.8718,0.8273,4
368211,2236.3711,767.4142,615.9827,0.5964,0.9252,0.8922,4
352881,2314.887,873.1453,520.1225,0.8032,0.8275,0.7677,4
351971,2196.5869,783.0325,579.0363,0.6732,0.9167,0.8549,4
412916,2413.863,833.7471,640.3206,0.6404,0.8905,0.8697,4
402258,2529.0601,879.1948,598.7283,0.7323,0.7903,0.814,4
346126,2236.075,796.4923,555.0388,0.7172,0.8699,0.8335,4
380495,2354.437,805.2894,606.553,0.6578,0.8626,0.8643,4
405536,2434.855,883.4255,593.9301,0.7403,0.8596,0.8134,4
374069,2316.5759,843.6231,568.7056,0.7386,0.8759,0.8181,4
409026,2374.2561,841.9844,627.4827,0.6668,0.9118,0.8571,4
359018,2276.5271,819.6603,571.9311,0.7163,0.8705,0.8249,4
395127,2354.0039,829.4393,613.8098,0.6726,0.896,0.8551,4
368512,2294.5259,786.4102,602.9735,0.642,0.8796,0.871,4
410233,2402.864,834.9078,633.4919,0.6514,0.8929,0.8656,4
385907,2330.0549,824.371,600.6796,0.6849,0.8932,0.8503,4
417314,2439.98,834.7051,644.6805,0.6352,0.8808,0.8733,4
379703,2327.3159,808.626,603.513,0.6656,0.8809,0.8599,4
377612,2362.448,829.2473,589.1064,0.7038,0.8502,0.8362,4
316184,2170.9709,770.8669,546.0904,0.7058,0.843,0.8231,4
398448,2435.2981,873.0358,590.1165,0.737,0.8443,0.8158,4
365350,2262.248,826.7336,569.2995,0.7251,0.8971,0.825,4
353219,2326.47,821.9995,558.0138,0.7343,0.8201,0.8158,4
379002,2529.803,860.1957,573.9624,0.7448,0.7442,0.8076,4
350929,2255.021,783.9074,580.9299,0.6714,0.8672,0.8527,4
349240,2243.5029,775.2019,584.65,0.6567,0.8719,0.8602,4
389395,2408.4829,892.5831,560.5852,0.7782,0.8436,0.7889,4
442588,2718.394,849.6819,672.2542,0.6116,0.7526,0.8835,4
417895,2456.103,855.4005,632.3137,0.6735,0.8705,0.8527,4
419639,2478.1851,915.9321,587.1704,0.7675,0.8587,0.798,4
382799,2370.5449,868.9788,572.6002,0.7522,0.856,0.8034,4
343845,2197.675,774.8041,569.8189,0.6776,0.8946,0.854,4
387499,2453.094,849.3842,590.2296,0.7191,0.8092,0.827,4
419881,2440.189,843.5652,645.4122,0.6439,0.8861,0.8668,4
376183,2327.835,823.8969,589.002,0.6992,0.8724,0.84,4
436352,2633.251,863.0063,650.1967,0.6576,0.7908,0.8637,4
343814,2231.1201,786.3395,563.5261,0.6974,0.8679,0.8414,4
435003,2521.8469,870.0806,647.3481,0.6682,0.8595,0.8553,4
345078,2204.9231,787.3609,566.3853,0.6947,0.8919,0.8419,4
362850,2295.7791,802.9214,584.5999,0.6855,0.8651,0.8465,4
412688,2640.7351,924.9248,576.3412,0.7821,0.7437,0.7837,4
399876,2377.1899,821.8986,628.6398,0.6442,0.8892,0.8682,4
402063,2547.897,884.2006,606.6811,0.7275,0.7783,0.8092,4
389064,2342.3311,826.6586,603.5352,0.6834,0.8911,0.8514,4
420809,2512.29,828.7861,656.6302,0.6102,0.8378,0.8832,4
335782,2171.8191,784.9254,548.2628,0.7156,0.8946,0.833,4
425374,2466.8701,847.059,647.6719,0.6445,0.8784,0.8688,4
391106,2369.116,856.8085,587.2197,0.7282,0.8757,0.8236,4
344013,2195.156,823.1342,534.9045,0.7601,0.8971,0.804,4
426615,2450.561,799.2291,691.8159,0.5007,0.8927,0.9222,4
345938,2256.375,828.0157,536.2778,0.7619,0.8539,0.8015,4
403486,2348.0891,834.4036,620.4424,0.6687,0.9196,0.859,4
445394,2482.9741,880.809,647.2557,0.6782,0.9078,0.855,4
410745,2438.5959,904.5048,583.305,0.7643,0.868,0.7995,4
473650,2597.4441,891.0983,685.71,0.6386,0.8822,0.8715,4
294001,2074.262,732.5558,526.1931,0.6957,0.8587,0.8352,4
420057,2443.8411,836.4046,648.322,0.6318,0.8838,0.8744,4
397581,2408.3799,833.4241,612.3292,0.6784,0.8614,0.8537,4
359037,2249.9441,783.8896,614.4819,0.6209,0.8913,0.8625,4
337806,2227.0901,814.9735,542.2561,0.7465,0.8559,0.8047,4
413120,2426.52,824.3616,645.8687,0.6214,0.8817,0.8798,4
418304,2393.2261,819.7679,666.4039,0.5824,0.9178,0.8902,4
443091,2540.2661,900.9417,635.8699,0.7084,0.8629,0.8337,4
474303,2567.4089,904.8582,670.7078,0.6713,0.9042,0.8588,4
438566,2547.54,911.9298,620.2306,0.7331,0.8492,0.8194,4
306838,2083.2939,735.817,538.9604,0.6808,0.8884,0.8495,4
443310,2505.5481,847.0129,674.6112,0.6047,0.8874,0.887,4
404061,2413.9541,881.0171,591.0157,0.7416,0.8714,0.8141,4
363000,2213.5681,758.2262,614.7969,0.5853,0.931,0.8966,4
338672,2246.271,810.6025,546.3474,0.7387,0.8435,0.8101,4
409795,2455.8789,846.9769,626.7124,0.6727,0.8538,0.8528,4
415137,2366.7019,817.0651,652.5554,0.6018,0.9314,0.8898,4
412809,2519.761,907.7038,591.211,0.7588,0.817,0.7987,4
476879,2615.5859,920.805,661.1169,0.6961,0.876,0.8462,4
421712,2499.386,881.3112,620.4713,0.7102,0.8483,0.8314,4
306429,2104.136,748.6997,527.6392,0.7095,0.8697,0.8343,4
485302,2644.2271,935.4223,666.793,0.7013,0.8722,0.8403,4
407286,2448.384,870.6734,604.8426,0.7193,0.8538,0.8271,4
365333,2322.74,856.04,548.2668,0.768,0.8509,0.7967,4
322070,2190.1379,794.1199,526.4727,0.7487,0.8438,0.8064,4
391145,2403.439,886.7218,564.2692,0.7714,0.8509,0.7959,4
393597,2314.4861,786.859,640.9199,0.5801,0.9233,0.8997,4
410245,2504.6201,894.1769,596.6318,0.7448,0.8218,0.8083,4
471281,2625.2109,904.7755,672.9673,0.6684,0.8593,0.8562,4
401863,2463.082,852.3126,617.6403,0.6891,0.8324,0.8393,4
466516,2517.989,859.3656,695.9106,0.5867,0.9246,0.8968,4
313775,2112.8359,761.2759,531.9149,0.7154,0.8833,0.8303,4
375249,2361.915,845.2822,571.5057,0.7368,0.8453,0.8177,4
410371,2472.636,905.2772,583.0439,0.765,0.8435,0.7985,4
334390,2217.8301,802.2562,542.3231,0.7369,0.8543,0.8133,4
421946,2481.4951,897.4323,606.2374,0.7373,0.8611,0.8167,4
378125,2338.3799,826.2022,592.3029,0.6972,0.869,0.8398,4
452293,2540.5979,918.8098,628.7631,0.7292,0.8806,0.8259,4
339538,2261.261,727.2855,607.8656,0.549,0.8344,0.9041,4
448634,2522.3091,906.9396,631.2845,0.718,0.8861,0.8333,4
369382,2397.4419,819.9177,583.7723,0.7022,0.8076,0.8364,4
430797,2525.6411,933.526,595.9404,0.7697,0.8487,0.7934,4
403926,2464.7891,843.9724,625.0685,0.6719,0.8355,0.8497,4
350033,2232.9929,801.6467,558.6144,0.7172,0.8822,0.8328,4
362994,2338.2161,834.395,563.8201,0.7372,0.8343,0.8148,4
468855,2620.2681,918.2051,662.6828,0.6922,0.8581,0.8415,4
388951,2422.0439,781.0228,640.3862,0.5725,0.8332,0.901,4
329691,2811.9971,899.2563,475.1783,0.849,0.5239,0.7205,5
334283,2307.666,868.3939,492.134,0.8239,0.7888,0.7513,5
346537,2315.5601,910.2367,486.0287,0.8455,0.8122,0.7298,5
345062,2668.8879,944.9453,468.3525,0.8685,0.6088,0.7015,5
332213,2502.166,887.0002,480.4225,0.8406,0.6668,0.7332,5
360895,2317.3181,879.8793,523.5499,0.8037,0.8445,0.7704,5
261748,2147.834,843.7059,399.5622,0.8808,0.713,0.6842,5
272004,2183.8789,899.807,391.8441,0.9002,0.7167,0.654,5
310636,2172.677,799.2029,499.2812,0.7808,0.8269,0.7869,5
390161,2501.55,961.1851,518.9106,0.8418,0.7835,0.7333,5
1987,2289.3059,1222.723,2.2832,1,0.0048,0.0411,5
324871,2196.303,817.7822,518.3866,0.7734,0.8463,0.7865,5
296641,2042.588,760.566,498.9828,0.7547,0.8935,0.808,5
315981,2314.436,923.5089,441.0663,0.8786,0.7413,0.6868,5
316348,2251.885,888.2238,461.0983,0.8547,0.7839,0.7145,5
307075,2120.0061,757.7748,517.7811,0.7301,0.8586,0.8252,5
342249,2263.8721,861.6223,507.2628,0.8083,0.8392,0.7661,5
319486,2155.209,811.8257,503.8588,0.7841,0.8643,0.7856,5
338159,2412.6431,885.6038,489.3434,0.8335,0.73,0.7409,5
336865,2580.1411,882.9647,488.4337,0.8331,0.6359,0.7417,5
343471,2252.614,836.8517,533.9788,0.77,0.8506,0.7902,5
305281,2094.0471,784.4472,497.3204,0.7734,0.8749,0.7948,5
343837,2401.0491,932.5298,474.1729,0.8611,0.7495,0.7095,5
368888,2340.272,900.6602,522.6354,0.8144,0.8464,0.7609,5
304269,2135.521,799.3446,485.4948,0.7944,0.8384,0.7787,5
344693,2275.437,859.6257,513.2087,0.8022,0.8366,0.7707,5
329844,2263.136,830.3763,511.5652,0.7877,0.8093,0.7804,5
379392,2423.8159,923.5928,526.172,0.8219,0.8115,0.7525,5
369552,2425.3091,907.0522,520.784,0.8188,0.7895,0.7562,5
348682,2230.7729,868.1721,514.5999,0.8054,0.8805,0.7675,5
333946,2397.759,899.7597,479.4367,0.8462,0.7299,0.7247,5
390524,2520.322,880.0991,570.349,0.7616,0.7726,0.8012,5
314958,2248.6421,868.9798,464.3831,0.8452,0.7827,0.7287,5
260563,1975.374,762.5055,437.851,0.8187,0.8391,0.7554,5
305013,2128.178,791.0696,492.8919,0.7822,0.8463,0.7878,5
309308,2247.3501,849.9919,470.8614,0.8325,0.7696,0.7383,5
292394,2104.054,786.5365,476.3308,0.7958,0.83,0.7757,5
299508,2159.3999,831.4197,466.0862,0.8281,0.8071,0.7427,5
438181,2603.1021,946.6895,593.0048,0.7795,0.8126,0.789,5
306542,2415.4199,885.6404,446.5649,0.8636,0.6603,0.7054,5
298963,2119.7129,722.8275,544.2319,0.6581,0.8361,0.8536,5
341948,2344.6541,915.7393,480.3995,0.8513,0.7817,0.7205,5
266271,1979.91,765.7112,444.7476,0.814,0.8536,0.7604,5
324322,2206.6931,836.2029,495.7765,0.8053,0.837,0.7685,5
358061,2341.7161,898.2679,510.7881,0.8226,0.8205,0.7517,5
305436,2113.0339,785.2101,497.2452,0.7739,0.8596,0.7942,5
324333,2251.9519,872.6161,480.502,0.8347,0.8037,0.7364,5
363949,2395.4839,910.101,514.1874,0.8251,0.797,0.748,5
359736,2309.425,885.5075,519.3417,0.81,0.8476,0.7643,5
346812,2241.5271,822.7707,541.0915,0.7533,0.8674,0.8077,5
291741,2173.8501,825.0677,453.8622,0.8351,0.7758,0.7387,5
285591,2033.105,769.5074,475.9642,0.7858,0.8682,0.7836,5
405080,2529.947,908.9462,572.9896,0.7763,0.7953,0.7901,5
324072,2286.123,910.458,458.4029,0.864,0.7792,0.7055,5
417042,2416.6079,900.7124,591.0679,0.7546,0.8974,0.809,5
353934,2500.2959,1036.5886,444.3591,0.9035,0.7115,0.6476,5
396005,2696.511,1070.647,481.6583,0.8931,0.6844,0.6632,5
429984,2502.5491,919.503,597.7715,0.7598,0.8628,0.8047,5
314398,2301.7771,901.9976,449.2205,0.8672,0.7457,0.7014,5
406895,2607.74,942.4899,555.5389,0.8078,0.7519,0.7637,5
301865,2105.5049,781.5297,494.9785,0.7739,0.8557,0.7933,5
287242,2113.79,813.7664,452.3801,0.8312,0.8079,0.7432,5
325494,2306.311,852.4514,502.0418,0.8082,0.769,0.7552,5
356651,2280.439,835.3093,546.3404,0.7564,0.8618,0.8067,5
348293,2552.9199,855.3557,526.3486,0.7882,0.6716,0.7785,5
390961,2480.5339,991.6502,505.0957,0.8606,0.7985,0.7115,5
265688,2372.804,888.2209,387.3163,0.8999,0.593,0.6548,5
371994,2623.8569,951.4442,502.8416,0.8489,0.679,0.7233,5
340970,2301.739,902.88,483.9293,0.8442,0.8087,0.7298,5
330662,2226.217,852.117,495.9751,0.8132,0.8384,0.7615,5
379834,2640.3721,937.067,524.6108,0.8286,0.6847,0.7421,5
354939,2431.9409,902.0753,504.1099,0.8293,0.7541,0.7452,5
376345,2531.1399,876.8118,553.4316,0.7756,0.7382,0.7895,5
348611,2413.0229,902.8517,498.4926,0.8338,0.7524,0.7379,5
318189,2250.4331,848.323,483.1063,0.822,0.7895,0.7503,5
342189,2271.408,864.2709,505.7227,0.8109,0.8335,0.7637,5
350325,2386.7781,963.5161,465.2725,0.8757,0.7728,0.6932,5
346091,2297.6211,897.7186,496.3939,0.8332,0.8238,0.7395,5
275863,2157.9819,886.1564,400.3563,0.8921,0.7444,0.6688,5
376776,2534.9299,964.1249,506.2896,0.851,0.7368,0.7184,5
357359,2419.9121,913.3724,501.1158,0.8361,0.7669,0.7385,5
363778,2324.1609,857.509,541.6883,0.7752,0.8463,0.7937,5
352817,2468.679,898.7985,505.8577,0.8266,0.7275,0.7457,5
350607,2425.6589,916.2908,494.7873,0.8417,0.7488,0.7292,5
333356,2242.688,880.4042,483.8072,0.8355,0.8329,0.74,5
359297,2564.9961,931.986,495.4669,0.847,0.6863,0.7257,5
315682,2219.7009,832.1495,487.2321,0.8107,0.8051,0.7619,5
353128,2372.927,936.3535,482.3184,0.8571,0.7881,0.7161,5
316583,2338.8291,837.3405,488.8563,0.8119,0.7273,0.7582,5
338426,2288.4929,898.1483,484.7289,0.8419,0.812,0.7309,5
349290,2386.824,930.0695,482.6588,0.8548,0.7705,0.717,5
389431,2594.9729,936.1578,538.0767,0.8183,0.7267,0.7522,5
306975,2306.0681,903.5196,446.9451,0.8691,0.7254,0.6919,5
400224,2554.7119,915.1979,563.0368,0.7884,0.7706,0.78,5
322879,2275.9231,876.8048,473.0537,0.842,0.7833,0.7313,5
320184,2268.2141,854.9136,488.2705,0.8209,0.7821,0.7468,5
308867,2263.426,922.5724,431.2169,0.884,0.7576,0.6797,5
379575,2457.2781,911.2972,536.4752,0.8084,0.7899,0.7629,5
357334,2371.709,915.1829,499.5417,0.8379,0.7983,0.737,5
295382,2141.585,836.4148,452.4544,0.8411,0.8093,0.7332,5
337999,2342.979,946.6573,459.5275,0.8743,0.7737,0.693,5
382630,2509.5149,999.2378,491.9224,0.8704,0.7635,0.6985,5
378755,2462.074,936.0067,520.477,0.8311,0.7852,0.7419,5
335932,2267.6841,881.6727,489.0849,0.832,0.8209,0.7418,5
300103,2210.627,881.5925,438.5843,0.8675,0.7717,0.7012,5
336558,2423.491,850.3224,507.3458,0.8025,0.7201,0.7698,5
310788,2274.5811,860.0978,463.9492,0.842,0.7549,0.7314,5
424101,2611.3301,1009.0076,539.5266,0.845,0.7815,0.7283,5
326996,2447.4109,852.5339,494.461,0.8146,0.686,0.7569,5
384998,2386.5979,942.1682,521.4256,0.8329,0.8494,0.7431,5
376389,2409.259,941.2642,509.9813,0.8405,0.8149,0.7355,5
369053,2355.499,924.204,510.8777,0.8333,0.8359,0.7417,5
342828,2287.8721,844.0139,520.2556,0.7874,0.823,0.7828,5
367743,2319.2041,909.394,517.7361,0.8221,0.8592,0.7524,5
396837,2555.075,982.9867,518.2283,0.8497,0.7639,0.7231,5
276472,2094.603,769.9008,462.089,0.7999,0.7919,0.7706,5
321037,2208.8621,886.9792,463.216,0.8528,0.8269,0.7208,5
329750,2236.6001,887.1417,474.9108,0.8446,0.8284,0.7304,5
359590,2390.23,962.7033,478.9148,0.8675,0.7909,0.7029,5
367307,2557.634,930.2054,506.424,0.8388,0.7056,0.7352,5
331115,2316.8181,844.9014,503.534,0.803,0.7752,0.7685,5
348793,2331.863,908.0755,499.5217,0.8351,0.8061,0.7339,5
367332,2357.595,904.4373,520.1105,0.8181,0.8305,0.7561,5
424394,2710.5901,1040.5283,524.012,0.8639,0.7259,0.7065,5
291190,2207.376,786.9467,477.844,0.7945,0.751,0.7737,5
298760,2184.9109,842.4735,453.8198,0.8425,0.7864,0.7321,5
382402,2575.439,914.6583,536.5853,0.8098,0.7245,0.7629,5
317955,2282.6021,857.2585,477.4725,0.8305,0.7669,0.7422,5
401589,2412.8311,841.7765,609.9025,0.6892,0.8668,0.8495,5
338610,2722.6831,893.1884,491.8964,0.8347,0.574,0.7351,5
373834,2328.502,857.2696,556.9949,0.7602,0.8664,0.8048,5
391376,2544.783,897.7682,557.4372,0.7839,0.7595,0.7863,5
310795,2429.0669,878.1395,455.6671,0.8548,0.6619,0.7164,5
364607,2297.5901,813.4385,573.2492,0.7095,0.8679,0.8376,5
325380,2254.8821,863.1747,483.1501,0.8287,0.8042,0.7457,5
343379,2360.467,919.113,479.2314,0.8533,0.7744,0.7194,5
298236,2200.0559,868.1497,444.6231,0.8589,0.7743,0.7098,5
307420,2221.959,867.9562,457.0818,0.8501,0.7825,0.7208,5
364261,2588.145,987.3378,478.3656,0.8748,0.6834,0.6898,5
387240,2410.8999,920.8607,539.2838,0.8106,0.8372,0.7625,5
351580,2424.6331,914.5834,494.2882,0.8414,0.7515,0.7315,5
318125,2211.4131,838.0247,496.6458,0.8055,0.8175,0.7594,5
325847,2354.845,853.3223,491.4482,0.8175,0.7384,0.7548,5
417499,2586.47,1001.9357,534.8173,0.8456,0.7842,0.7277,5
299458,2141.3279,841.7073,456.2444,0.8403,0.8207,0.7336,5
364617,2623.2151,871.7518,540.7759,0.7843,0.6659,0.7816,5
354060,2492.134,871.677,525.1666,0.7981,0.7164,0.7703,5
362684,2407.593,925.5394,506.546,0.8369,0.7863,0.7342,5
310190,2223.6509,862.0129,464.774,0.8422,0.7883,0.729,5
333850,2349.7009,845.816,509.6266,0.7981,0.7599,0.7708,5
306371,2160.9741,795.8485,498.9199,0.7791,0.8244,0.7848,5
282259,2100.0061,808.4828,446.3885,0.8338,0.8043,0.7415,5
291259,2136.6079,825.5577,452.6159,0.8363,0.8018,0.7376,5
362960,2485.04,932.6669,505.3012,0.8405,0.7386,0.7289,5
370661,2404.842,953.9807,498.8006,0.8524,0.8054,0.7201,5
370687,2481.958,917.0978,521.7222,0.8224,0.7562,0.7491,5
361058,2397.439,904.1469,513.4807,0.8231,0.7894,0.7499,5
334863,2282.0659,872.7985,490.8819,0.8268,0.808,0.7481,5
289774,2146.249,812.8783,462.5508,0.8223,0.7905,0.7472,5
310151,2237.895,812.6631,491.8975,0.796,0.7782,0.7733,5
277447,2027.295,798.4498,444.0995,0.831,0.8483,0.7444,5
287291,2121.5859,836.7213,440.0023,0.8506,0.8021,0.7228,5
326670,2259.6599,888.6778,471.2458,0.8478,0.804,0.7257,5
297174,2155.959,779.7753,488.4755,0.7795,0.8034,0.7888,5
305032,2311.6509,861.9067,455.7622,0.8488,0.7173,0.723,5
304948,2185.3789,829.9847,473.5959,0.8212,0.8024,0.7508,5
309025,2163.1311,831.9025,477.1172,0.8192,0.8299,0.754,5
276143,2079.627,820.3309,432.2186,0.8499,0.8024,0.7228,5
338914,2247.1541,868.6652,498.7621,0.8187,0.8434,0.7562,5
355763,2424.814,990.7361,458.7359,0.8863,0.7604,0.6793,5
391450,2479.239,892.5263,560.6314,0.7781,0.8003,0.791,5
304684,2173.7949,890.8111,437.7785,0.8709,0.8103,0.6992,5
283770,2096.7639,775.8751,468.8516,0.7968,0.8111,0.7747,5
275775,2000.7679,723.755,488.6776,0.7376,0.8657,0.8187,5
286603,2058.97,782.1415,469.3111,0.8,0.8496,0.7723,5
326090,2386.698,803.0966,519.4846,0.7626,0.7194,0.8023,5
272635,2195.2859,776.0174,450.5913,0.8142,0.7109,0.7592,5
337948,2288.22,884.1144,492.5711,0.8304,0.8111,0.7419,5
347931,2379.052,949.2151,468.3536,0.8698,0.7725,0.7012,5
296161,2355.0471,884.1443,429.3063,0.8742,0.671,0.6945,5
361867,2681.0071,909.2697,510.2585,0.8277,0.6326,0.7465,5
283096,2134.1521,842.0992,431.0886,0.859,0.7811,0.7129,5
282651,2115.1909,849.2612,427.8779,0.8638,0.7939,0.7064,5
382243,2515.0081,983.1814,498.3077,0.862,0.7594,0.7096,5
328626,2411.4719,878.9201,485.9003,0.8333,0.7101,0.736,5
351367,2301.5859,875.3801,513.9609,0.8095,0.8335,0.7641,5
306787,2205.3831,851.6366,461.404,0.8405,0.7926,0.7339,5
354813,2323.3391,908.402,502.3913,0.8331,0.826,0.7399,5
326893,2297.4441,889.015,473.2075,0.8466,0.7783,0.7257,5
335351,2445.8889,976.2505,441.572,0.8919,0.7044,0.6693,5
288470,2170.512,916.8247,406.8782,0.8961,0.7695,0.661,5
347731,2383.332,952.7579,471.4235,0.869,0.7693,0.6984,5
266928,2126.3701,798.1915,433.349,0.8398,0.7419,0.7304,5
290186,2331.5811,912.2787,424.2137,0.8853,0.6708,0.6663,5
333228,2300.667,856.532,500.6767,0.8114,0.7911,0.7605,5
320409,2200.635,861.2217,477.5822,0.8322,0.8314,0.7416,5
321312,2204.2451,888.2299,464.3716,0.8525,0.831,0.7201,5
340479,2652.927,998.5767,442.5258,0.8964,0.6079,0.6594,5
356344,2462.323,886.2712,521.8904,0.8082,0.7386,0.76,5
272029,1927.442,700.212,497.2475,0.7041,0.9202,0.8405,6
328825,2226.321,845.2898,520.5521,0.7879,0.8337,0.7655,6
378039,2343.229,902.627,535.519,0.805,0.8652,0.7686,6
324530,2168.541,805.7068,514.7833,0.7693,0.8672,0.7978,6
332254,2172.4651,829.761,513.4503,0.7856,0.8847,0.7839,6
247036,1961.302,694.0135,524.4564,0.6549,0.807,0.8081,6
243353,1853.187,664.4248,469.841,0.7071,0.8904,0.8378,6
209193,1761.806,622.2163,446.4828,0.6965,0.8469,0.8294,6
276444,2005.511,793.3969,445.7533,0.8273,0.8637,0.7478,6
351763,2293.7791,878.5163,513.9243,0.811,0.8401,0.7618,6
261345,1920.686,735.1219,454.3767,0.7861,0.8902,0.7847,6
306831,2101.9919,790.1249,496.5371,0.7779,0.8727,0.7911,6
243025,1855.1949,670.8918,463.4907,0.723,0.8873,0.8291,6
310359,2138.5901,838.097,472.3667,0.826,0.8527,0.7501,6
259098,1871.046,672.9703,494.7143,0.6779,0.93,0.8535,6
365088,2249.6321,863.308,541.9211,0.7784,0.9065,0.7897,6
308938,2105.4199,789.2784,502.5179,0.7711,0.8758,0.7946,6
332079,2135.427,808.1102,525.323,0.7599,0.9151,0.8046,6
240537,1967.1281,718.0688,487.6316,0.7341,0.7811,0.7707,6
255422,1882.9041,710.4493,461.1236,0.7607,0.9053,0.8027,6
196561,1697.087,631.0634,400.5577,0.7727,0.8576,0.7927,6
269740,1951.873,759.0534,453.6415,0.8018,0.8897,0.7721,6
343082,2286.1189,926.7311,484.092,0.8527,0.8249,0.7132,6
258106,1893.702,729.0965,452.9291,0.7836,0.9045,0.7863,6
289876,2087.52,818.5771,453.4831,0.8325,0.8359,0.7422,6
253517,1860.3199,672.4048,483.49,0.695,0.9205,0.8449,6
313487,2115.344,753.2776,532.3475,0.7075,0.8804,0.8387,6
336724,2196.658,784.414,573.6385,0.6821,0.8769,0.8347,6
293477,2039.6071,766.5217,490.2007,0.7688,0.8865,0.7975,6
355294,2266.9509,870.8358,521.8104,0.8006,0.8688,0.7723,6
285626,2061.635,785.1763,465.285,0.8055,0.8445,0.768,6
363370,2249.0371,793.2402,586.2938,0.6736,0.9027,0.8575,6
342830,2196.917,797.9894,549.5345,0.7251,0.8926,0.8279,6
318719,2222.4399,826.2077,520.563,0.7765,0.8109,0.771,6
248888,1939.901,701.8555,453.7137,0.763,0.8311,0.8021,6
240328,1953.7419,644.4176,513.0257,0.6052,0.7912,0.8584,6
323238,2263.3049,827.1309,542.2946,0.7551,0.793,0.7756,6
253875,1997.355,747.1664,502.6085,0.7399,0.7997,0.7609,6
273905,2009.04,701.0014,503.6558,0.6955,0.8528,0.8424,6
273895,2008.311,721.5966,486.044,0.7391,0.8534,0.8184,6
266662,1982.204,760.303,464.9061,0.7913,0.8529,0.7664,6
325346,2196.3879,836.8861,501.7307,0.8004,0.8475,0.7691,6
265078,1959.991,706.0493,491.0711,0.7185,0.8671,0.8228,6
232956,1941.686,690.3647,464.7091,0.7395,0.7765,0.7889,6
317794,2280.969,875.5868,525.338,0.8,0.7676,0.7265,6
326358,2116.1909,760.83,548.6188,0.6929,0.9158,0.8473,6
327911,2156.5811,786.681,535.171,0.7329,0.886,0.8214,6
304474,2109.019,800.2658,485.959,0.7945,0.8602,0.778,6
331374,2177.7839,822.1873,516.5453,0.778,0.878,0.79,6
296101,2069.2051,772.6999,493.0547,0.77,0.869,0.7946,6
315524,2139.259,777.8326,519.9553,0.7437,0.8664,0.8149,6
297687,2056.9331,756.6042,504.0089,0.7458,0.8842,0.8137,6
275854,1941.407,690.539,512.5972,0.6701,0.9197,0.8582,6
216849,1730.665,642.5626,431.9132,0.7404,0.9098,0.8177,6
262586,1982.464,678.1152,519.9161,0.642,0.8396,0.8527,6
210586,1811.012,654.7697,415.6927,0.7726,0.8069,0.7908,6
212397,1773.141,649.371,418.6798,0.7644,0.8489,0.8008,6
223523,1857.668,681.8671,473.7249,0.7193,0.8139,0.7824,6
321388,2174.022,833.3666,495.1312,0.8044,0.8545,0.7676,6
375569,2377.7141,953.837,504.36,0.8488,0.8348,0.725,6
228916,1766.642,637.0115,460.6281,0.6907,0.9217,0.8475,6
220062,1879.042,680.3406,465.7903,0.7289,0.7832,0.778,6
326826,2215.4141,803.9762,526.0378,0.7562,0.8368,0.8024,6
237022,1848.2061,683.0206,445.617,0.7579,0.872,0.8043,6
306521,2106.093,713.1732,554.9265,0.6281,0.8684,0.876,6
283888,2076.377,772.6867,496.8922,0.7658,0.8275,0.7781,6
294428,2022.094,716.1476,528.4319,0.6749,0.9049,0.855,6
242972,1830.124,650.916,476.3255,0.6815,0.9116,0.8545,6
268142,1989.489,747.3624,467.567,0.7801,0.8513,0.7818,6
233918,1926.46,689.4012,493.188,0.6987,0.7921,0.7916,6
222233,1812.683,650.1162,437.5476,0.7396,0.8499,0.8182,6
210197,1790.522,640.6564,422.1224,0.7522,0.8239,0.8075,6
324044,2162.4221,818.4114,508.6661,0.7834,0.8708,0.7848,6
239741,1841.7939,686.2008,446.7934,0.759,0.8881,0.8051,6
237986,1992.689,759.7626,468.2187,0.7875,0.7532,0.7245,6
376000,2405.4141,952.5737,506.6357,0.8468,0.8166,0.7264,6
364338,2385.511,849.6287,548.4377,0.7638,0.8045,0.8016,6
308051,2090.377,761.1531,519.0694,0.7314,0.8859,0.8228,6
303347,2094.3931,740.3585,525.1052,0.7049,0.869,0.8394,6
249697,1902.502,694.4902,460.7358,0.7483,0.8669,0.8119,6
291841,2018.3459,735.3645,508.7705,0.722,0.9003,0.8289,6
311275,2097.01,778.6296,510.3182,0.7553,0.8895,0.8085,6
259258,1978.4659,723.0809,466.3064,0.7643,0.8323,0.7946,6
373627,2634.644,860.8875,555.6307,0.7638,0.6764,0.8012,6
242092,1875.025,700.394,441.3842,0.7764,0.8653,0.7927,6
221306,1836.3361,698.2211,425.5484,0.7928,0.8247,0.7603,6
346353,2324.49,840.6997,527.3477,0.7788,0.8055,0.7899,6
283636,2036.349,751.853,482.4856,0.7669,0.8595,0.7993,6
313194,2095.9231,769.103,519.8459,0.737,0.8959,0.8211,6
255403,1925.365,691.8453,477.1796,0.7241,0.8658,0.8243,6
365924,2664.823,855.4633,551.5447,0.7644,0.6475,0.7979,6
254330,1926.736,747.4943,435.6219,0.8126,0.8609,0.7613,6
238955,1906.2679,716.6485,441.8297,0.7873,0.8263,0.7697,6
343792,2289.272,823.8438,534.7757,0.7607,0.8243,0.8031,6
